{
  "train": [
    {
      "total_loss": 2.8376413385073342,
      "recon_total": 2.7480615774790444,
      "recon_topo": 1.7938038855791092,
      "recon_edge": 0.9542576968669891,
      "topo_accuracy": 0.13541666666666666,
      "tf_total": 7.199657132228215,
      "kl_loss": 0.1758317711452643,
      "epoch_time": 4.095369338989258
    },
    {
      "total_loss": 2.7575667997201285,
      "recon_total": 2.686200042565664,
      "recon_topo": 1.7899888108174007,
      "recon_edge": 0.8962112391988436,
      "topo_accuracy": 0.15625,
      "tf_total": 6.557885646820068,
      "kl_loss": 0.057878831711908184,
      "epoch_time": 2.3627030849456787
    }
  ],
  "val": [
    {
      "total_loss": 2.8183666865030923,
      "recon_total": 2.744631210962931,
      "recon_topo": 1.791999101638794,
      "topo_accuracy": 0.16666666666666666,
      "tf_total": 6.9033989906311035,
      "kl_loss": 0.04701404273509979
    },
    {
      "total_loss": 2.781988779703776,
      "recon_total": 2.711134751637777,
      "recon_topo": 1.7857005596160889,
      "topo_accuracy": 0.16666666666666666,
      "tf_total": 6.595571219921112,
      "kl_loss": 0.048982967933019005
    }
  ],
  "best_val_loss": 2.781988779703776,
  "total_epochs": 2
}