{
  "overall": {
    "val_mse": 0.0011652015382423997,
    "train_mse": 0.001120594679377973,
    "ratio": 1.0398064167939716
  },
  "per_filter_type": {
    "low_pass": {
      "n": 48,
      "mse": 0.00028062774799764156,
      "mae": 0.01013730838894844,
      "dimensions": {
        "sigma_p": {
          "mse": 0.0010110038565471768,
          "mae": 0.03023838810622692,
          "r2": 0.9631342887878418,
          "pearson_r": 0.9974665641784668
        },
        "omega_p": {
          "mse": 8.647678623674437e-05,
          "mae": 0.006507410202175379,
          "r2": null,
          "pearson_r": null
        },
        "sigma_z": {
          "mse": 2.1794775761918572e-08,
          "mae": 0.00010454180301167071,
          "r2": null,
          "pearson_r": null
        },
        "omega_z": {
          "mse": 2.500866503396537e-05,
          "mae": 0.0036988963838666677,
          "r2": null,
          "pearson_r": null
        }
      }
    },
    "high_pass": {
      "n": 48,
      "mse": 0.0001731759257381782,
      "mae": 0.00800453219562769,
      "dimensions": {
        "sigma_p": {
          "mse": 0.0004548237193375826,
          "mae": 0.01671060174703598,
          "r2": 0.9871940016746521,
          "pearson_r": 0.9970355033874512
        },
        "omega_p": {
          "mse": 0.00020303437486290932,
          "mae": 0.010050511918962002,
          "r2": null,
          "pearson_r": null
        },
        "sigma_z": {
          "mse": 4.294841460250609e-08,
          "mae": 0.0001584477286087349,
          "r2": null,
          "pearson_r": null
        },
        "omega_z": {
          "mse": 3.480265513644554e-05,
          "mae": 0.005098565947264433,
          "r2": null,
          "pearson_r": null
        }
      }
    },
    "band_pass": {
      "n": 48,
      "mse": 0.00402667885646224,
      "mae": 0.015564302913844585,
      "dimensions": {
        "sigma_p": {
          "mse": 0.0005983018781989813,
          "mae": 0.020616313442587852,
          "r2": 0.9622225165367126,
          "pearson_r": 0.9934788942337036
        },
        "omega_p": {
          "mse": 0.015472385101020336,
          "mae": 0.036622289568185806,
          "r2": 0.8776136636734009,
          "pearson_r": 0.9413059949874878
        },
        "sigma_z": {
          "mse": 5.47734977374148e-08,
          "mae": 0.00016961734218057245,
          "r2": null,
          "pearson_r": null
        },
        "omega_z": {
          "mse": 3.5975201171822846e-05,
          "mae": 0.0048489985056221485,
          "r2": null,
          "pearson_r": null
        }
      }
    },
    "band_stop": {
      "n": 48,
      "mse": 0.0024606429506093264,
      "mae": 0.02001124806702137,
      "dimensions": {
        "sigma_p": {
          "mse": 0.001027014572173357,
          "mae": 0.025948474183678627,
          "r2": 0.8512324690818787,
          "pearson_r": 0.9269121885299683
        },
        "omega_p": {
          "mse": 0.008295771665871143,
          "mae": 0.034954603761434555,
          "r2": 0.9276043772697449,
          "pearson_r": 0.9654102325439453
        },
        "sigma_z": {
          "mse": 1.740415768836101e-06,
          "mae": 0.0011647231876850128,
          "r2": null,
          "pearson_r": null
        },
        "omega_z": {
          "mse": 0.0005180455627851188,
          "mae": 0.017977187409996986,
          "r2": 0.911933958530426,
          "pearson_r": 0.9704650640487671
        }
      }
    },
    "rlc_series": {
      "n": 48,
      "mse": 0.0014608213678002357,
      "mae": 0.012649718672037125,
      "dimensions": {
        "sigma_p": {
          "mse": 0.0008861421956680715,
          "mae": 0.024525096639990807,
          "r2": 0.94469153881073,
          "pearson_r": 0.9892234802246094
        },
        "omega_p": {
          "mse": 0.004931984003633261,
          "mae": 0.021772364154458046,
          "r2": 0.9646327495574951,
          "pearson_r": 0.9837888479232788
        },
        "sigma_z": {
          "mse": 5.466759134264976e-08,
          "mae": 0.00018006919708568603,
          "r2": null,
          "pearson_r": null
        },
        "omega_z": {
          "mse": 2.51047622441547e-05,
          "mae": 0.004121342208236456,
          "r2": null,
          "pearson_r": null
        }
      }
    },
    "rlc_parallel": {
      "n": 48,
      "mse": 0.0006529965903609991,
      "mae": 0.014844701625406742,
      "dimensions": {
        "sigma_p": {
          "mse": 0.0020142344292253256,
          "mae": 0.03839651122689247,
          "r2": 0.8465687036514282,
          "pearson_r": 0.9811732769012451
        },
        "omega_p": {
          "mse": 0.0005692814593203366,
          "mae": 0.01624409854412079,
          "r2": 0.902752161026001,
          "pearson_r": 0.961322546005249
        },
        "sigma_z": {
          "mse": 6.5321366093940014e-09,
          "mae": 6.707348074996844e-05,
          "r2": null,
          "pearson_r": null
        },
        "omega_z": {
          "mse": 2.8464082788559608e-05,
          "mae": 0.0046711210161447525,
          "r2": null,
          "pearson_r": null
        }
      }
    },
    "lc_lowpass": {
      "n": 48,
      "mse": 0.00017790950369089842,
      "mae": 0.00932030938565731,
      "dimensions": {
        "sigma_p": {
          "mse": 0.00023338133178185672,
          "mae": 0.012017044238746166,
          "r2": null,
          "pearson_r": null
        },
        "omega_p": {
          "mse": 0.0004602729750331491,
          "mae": 0.020463164895772934,
          "r2": 0.8783242702484131,
          "pearson_r": 0.9947958588600159
        },
        "sigma_z": {
          "mse": 2.0716031485790154e-06,
          "mae": 0.0014337222091853619,
          "r2": null,
          "pearson_r": null
        },
        "omega_z": {
          "mse": 1.5912090020719916e-05,
          "mae": 0.003367304103448987,
          "r2": null,
          "pearson_r": null
        }
      }
    },
    "cl_highpass": {
      "n": 48,
      "mse": 8.875961793819442e-05,
      "mae": 0.005313913803547621,
      "dimensions": {
        "sigma_p": {
          "mse": 0.00032866490073502064,
          "mae": 0.014227139763534069,
          "r2": null,
          "pearson_r": null
        },
        "omega_p": {
          "mse": 1.7441374438931234e-05,
          "mae": 0.0034511920530349016,
          "r2": 0.997037947177887,
          "pearson_r": 0.9990246891975403
        },
        "sigma_z": {
          "mse": 2.032657221207046e-06,
          "mae": 0.0014159007696434855,
          "r2": null,
          "pearson_r": null
        },
        "omega_z": {
          "mse": 6.899584604980191e-06,
          "mae": 0.0021614229772239923,
          "r2": null,
          "pearson_r": null
        }
      }
    }
  }
}