{
  "low_pass": {
    "unseen": {
      "n": 240,
      "overall_mse": 0.11433926224708557,
      "dimensions": {
        "sigma_p": {
          "mse": 0.015794308856129646,
          "mae": 0.10205653309822083,
          "r2": 0.41860103607177734,
          "pearson_r": 0.9948093891143799,
          "target_std": 0.16482123732566833
        },
        "omega_p": {
          "mse": 0.44034671783447266,
          "mae": 0.6617432832717896,
          "r2": null,
          "pearson_r": null,
          "target_std": 0.0
        },
        "sigma_z": {
          "mse": 1.048144531523576e-05,
          "mae": 0.003200822975486517,
          "r2": null,
          "pearson_r": null,
          "target_std": 0.0
        },
        "omega_z": {
          "mse": 0.001205530483275652,
          "mae": 0.027029234915971756,
          "r2": null,
          "pearson_r": null,
          "target_std": 0.0
        }
      }
    },
    "in_dist": {
      "n": 336,
      "overall_mse": 0.010091958567500114,
      "dimensions": {
        "sigma_p": {
          "mse": 0.007853277027606964,
          "mae": 0.06273609399795532,
          "r2": 0.9145060777664185,
          "pearson_r": 0.9677038788795471,
          "target_std": 0.30308035016059875
        },
        "omega_p": {
          "mse": 0.0318092443048954,
          "mae": 0.105072021484375,
          "r2": 0.77314293384552,
          "pearson_r": 0.8847976922988892,
          "target_std": 0.3744557201862335
        },
        "sigma_z": {
          "mse": 1.0412175470264629e-05,
          "mae": 0.0027132753748446703,
          "r2": null,
          "pearson_r": null,
          "target_std": 0.0
        },
        "omega_z": {
          "mse": 0.0006949027883820236,
          "mae": 0.01507214829325676,
          "r2": 0.99090975522995,
          "pearson_r": 0.9964101314544678,
          "target_std": 0.2764863967895508
        }
      }
    },
    "train_size": 1344,
    "val_size": 336,
    "test_size": 240,
    "best_val_loss": 0.9584108916195956,
    "training_time_s": 195.25707912445068
  },
  "high_pass": {
    "unseen": {
      "n": 240,
      "overall_mse": 0.06130807846784592,
      "dimensions": {
        "sigma_p": {
          "mse": 0.044551048427820206,
          "mae": 0.18332211673259735,
          "r2": -0.5011845827102661,
          "pearson_r": -0.330986350774765,
          "target_std": 0.17227089405059814
        },
        "omega_p": {
          "mse": 0.2005896270275116,
          "mae": 0.37874773144721985,
          "r2": null,
          "pearson_r": null,
          "target_std": 0.0
        },
        "sigma_z": {
          "mse": 2.2997653559286846e-06,
          "mae": 0.0014915444189682603,
          "r2": null,
          "pearson_r": null,
          "target_std": 0.0
        },
        "omega_z": {
          "mse": 8.932693890528753e-05,
          "mae": 0.007190058473497629,
          "r2": null,
          "pearson_r": null,
          "target_std": 0.0
        }
      }
    },
    "in_dist": {
      "n": 336,
      "overall_mse": 0.003275466151535511,
      "dimensions": {
        "sigma_p": {
          "mse": 0.003047725884243846,
          "mae": 0.04085082560777664,
          "r2": 0.9669155478477478,
          "pearson_r": 0.9905493259429932,
          "target_std": 0.30351197719573975
        },
        "omega_p": {
          "mse": 0.009886781685054302,
          "mae": 0.060901086777448654,
          "r2": 0.9294894933700562,
          "pearson_r": 0.9729048609733582,
          "target_std": 0.3744557201862335
        },
        "sigma_z": {
          "mse": 5.338033133739373e-06,
          "mae": 0.002034969860687852,
          "r2": null,
          "pearson_r": null,
          "target_std": 0.0
        },
        "omega_z": {
          "mse": 0.00016201876860577613,
          "mae": 0.008195148780941963,
          "r2": 0.9978805780410767,
          "pearson_r": 0.9991211891174316,
          "target_std": 0.2764863967895508
        }
      }
    },
    "train_size": 1344,
    "val_size": 336,
    "test_size": 240,
    "best_val_loss": 1.0369431430643254,
    "training_time_s": 530.132532119751
  },
  "band_pass": {
    "unseen": {
      "n": 240,
      "overall_mse": 0.018039552494883537,
      "dimensions": {
        "sigma_p": {
          "mse": 0.022349661216139793,
          "mae": 0.13262908160686493,
          "r2": -0.4103301763534546,
          "pearson_r": 0.7996259927749634,
          "target_std": 0.12588532269001007
        },
        "omega_p": {
          "mse": 0.04958513751626015,
          "mae": 0.14859624207019806,
          "r2": 0.5891616344451904,
          "pearson_r": 0.8442845344543457,
          "target_std": 0.34740835428237915
        },
        "sigma_z": {
          "mse": 6.513121661555488e-06,
          "mae": 0.0020932434126734734,
          "r2": null,
          "pearson_r": null,
          "target_std": 0.0
        },
        "omega_z": {
          "mse": 0.00021689743152819574,
          "mae": 0.01315050758421421,
          "r2": null,
          "pearson_r": null,
          "target_std": 0.0
        }
      }
    },
    "in_dist": {
      "n": 336,
      "overall_mse": 0.00412371288985014,
      "dimensions": {
        "sigma_p": {
          "mse": 0.002718728967010975,
          "mae": 0.039102599024772644,
          "r2": 0.9711331129074097,
          "pearson_r": 0.9859094619750977,
          "target_std": 0.3068900406360626
        },
        "omega_p": {
          "mse": 0.013248294591903687,
          "mae": 0.06247064098715782,
          "r2": 0.9057864546775818,
          "pearson_r": 0.9555408954620361,
          "target_std": 0.3749931752681732
        },
        "sigma_z": {
          "mse": 9.574495379638392e-06,
          "mae": 0.002229414414614439,
          "r2": null,
          "pearson_r": null,
          "target_std": 0.0
        },
        "omega_z": {
          "mse": 0.0005182538880035281,
          "mae": 0.014802672900259495,
          "r2": 0.9932205677032471,
          "pearson_r": 0.9969756007194519,
          "target_std": 0.2764863967895508
        }
      }
    },
    "train_size": 1344,
    "val_size": 336,
    "test_size": 240,
    "best_val_loss": 1.0093222585591404,
    "training_time_s": 230.51716589927673
  },
  "band_stop": {
    "unseen": {
      "n": 240,
      "overall_mse": 0.22244411706924438,
      "dimensions": {
        "sigma_p": {
          "mse": 0.10158950835466385,
          "mae": 0.3087654113769531,
          "r2": -15.02540397644043,
          "pearson_r": 0.1469476819038391,
          "target_std": 0.07961958646774292
        },
        "omega_p": {
          "mse": 0.21547749638557434,
          "mae": 0.2885003387928009,
          "r2": -0.6149500608444214,
          "pearson_r": 0.5569294691085815,
          "target_std": 0.3652762174606323
        },
        "sigma_z": {
          "mse": 2.2067372356104897e-06,
          "mae": 0.0011483356356620789,
          "r2": null,
          "pearson_r": null,
          "target_std": 0.0
        },
        "omega_z": {
          "mse": 0.5727071762084961,
          "mae": 0.7534449100494385,
          "r2": -114.26327514648438,
          "pearson_r": -0.6414509415626526,
          "target_std": 0.07048891484737396
        }
      }
    },
    "in_dist": {
      "n": 336,
      "overall_mse": 0.0028310506604611874,
      "dimensions": {
        "sigma_p": {
          "mse": 0.0025270285550504923,
          "mae": 0.03544284775853157,
          "r2": 0.9713622331619263,
          "pearson_r": 0.990039587020874,
          "target_std": 0.2970539927482605
        },
        "omega_p": {
          "mse": 0.008791488595306873,
          "mae": 0.04351319745182991,
          "r2": 0.937878429889679,
          "pearson_r": 0.9705628752708435,
          "target_std": 0.37619245052337646
        },
        "sigma_z": {
          "mse": 6.397657443812932e-07,
          "mae": 0.0005398064968176186,
          "r2": null,
          "pearson_r": null,