{
  "train": [
    {
      "total_loss": 855758756192.0,
      "recon_total": 2.832972983519236,
      "recon_topo": 1.812682459751765,
      "recon_edge": 1.0202905212839444,
      "topo_accuracy": 0.16666666666666666,
      "tf_total": 8557587279018.667,
      "kl_loss": 0.5172556241353353,
      "epoch_time": 4.837368011474609
    },
    {
      "total_loss": 840197239778.6666,
      "recon_total": 2.816220462322235,
      "recon_topo": 1.7962705145279567,
      "recon_edge": 1.0199499502778053,
      "topo_accuracy": 0.17708333333333334,
      "tf_total": 8401972252074.667,
      "kl_loss": 0.7887240424752235,
      "epoch_time": 2.5203521251678467
    }
  ],
  "val": [
    {
      "total_loss": 1344050847528.0,
      "recon_total": 2.828129609425863,
      "recon_topo": 1.7975260416666667,
      "topo_accuracy": 0.0,
      "tf_total": 13440508628181.334,
      "kl_loss": 0.5130760471026102
    },
    {
      "total_loss": 1318338975317.3333,
      "recon_total": 2.828123410542806,
      "recon_topo": 1.7975273529688518,
      "topo_accuracy": 0.0,
      "tf_total": 13183389731328.0,
      "kl_loss": 1.3346059322357178
    }
  ],
  "best_val_loss": 1318338975317.3333,
  "total_epochs": 2
}