{
  "train": [
    {
      "total_loss": 6.250190039475759,
      "recon_total": 2.7549426754315696,
      "recon_topo": 1.8042461772759755,
      "recon_edge": 0.9506964782873789,
      "topo_accuracy": 0.21875,
      "tf_total": 6.963187475999196,
      "kl_loss": 0.2730715957780679,
      "epoch_time": 4.628266096115112
    },
    {
      "total_loss": 5.855221251646678,
      "recon_total": 2.6618201434612274,
      "recon_topo": 1.7627618163824081,
      "recon_edge": 0.8990583494305611,
      "topo_accuracy": 0.21875,
      "tf_total": 6.356765413035949,
      "kl_loss": 0.3003695209821065,
      "epoch_time": 1.9922051429748535
    }
  ],
  "val": [
    {
      "total_loss": 6.299091577529907,
      "recon_total": 2.7294490337371826,
      "recon_topo": 1.7830023765563965,
      "topo_accuracy": 0.16666666666666666,
      "tf_total": 7.121449053287506,
      "kl_loss": 0.17835802336533865
    },
    {
      "total_loss": 5.971737225850423,
      "recon_total": 2.6494662761688232,
      "recon_topo": 1.7300468285878499,
      "topo_accuracy": 0.3333333333333333,
      "tf_total": 6.579331715901692,
      "kl_loss": 0.6521000067392985
    }
  ],
  "best_val_loss": 5.971737225850423,
  "total_epochs": 2
}